"Notes"	"State"	"State Code"	"Year"	"Year Code"	Deaths	Population	Crude Rate
	"Alabama"	"01"	"1979"	"1979"	526	3873403	13.580
	"Alabama"	"01"	"1980"	"1980"	617	3898117	15.828
	"Alabama"	"01"	"1981"	"1981"	551	3920097	14.056
	"Alabama"	"01"	"1982"	"1982"	508	3925924	12.940
	"Alabama"	"01"	"1983"	"1983"	419	3933838	10.651
	"Alabama"	"01"	"1984"	"1984"	424	3952400	10.728
	"Alabama"	"01"	"1985"	"1985"	452	3974101	11.374
	"Alabama"	"01"	"1986"	"1986"	459	3993162	11.495
	"Alabama"	"01"	"1987"	"1987"	455	4017181	11.326
	"Alabama"	"01"	"1988"	"1988"	470	4027045	11.671
	"Alabama"	"01"	"1989"	"1989"	504	4034980	12.491
	"Alabama"	"01"	"1990"	"1990"	549	4043643	13.577
	"Alabama"	"01"	"1991"	"1991"	587	4101607	14.311
	"Alabama"	"01"	"1992"	"1992"	542	4155699	13.042
	"Alabama"	"01"	"1993"	"1993"	580	4216208	13.756
	"Alabama"	"01"	"1994"	"1994"	598	4262457	14.029
	"Alabama"	"01"	"1995"	"1995"	527	4298981	12.259
	"Alabama"	"01"	"1996"	"1996"	526	4334219	12.136
	"Alabama"	"01"	"1997"	"1997"	514	4370490	11.761
	"Alabama"	"01"	"1998"	"1998"	453	4408398	10.276
"Total"	"Alabama"	"01"			10261	81741950	12.553
	"Alaska"	"02"	"1979"	"1979"	50	404735	12.354
	"Alaska"	"02"	"1980"	"1980"	33	403594	8.177
	"Alaska"	"02"	"1981"	"1981"	53	420161	12.614
	"Alaska"	"02"	"1982"	"1982"	55	451672	12.177
	"Alaska"	"02"	"1983"	"1983"	56	490111	11.426
	"Alaska"	"02"	"1984"	"1984"	49	515014	9.514
	"Alaska"	"02"	"1985"	"1985"	43	533411	8.061
	"Alaska"	"02"	"1986"	"1986"	43	544113	7.903
	"Alaska"	"02"	"1987"	"1987"	46	538774	8.538
	"Alaska"	"02"	"1988"	"1988"	27	541504	4.986
	"Alaska"	"02"	"1989"	"1989"	32	547442	5.845
	"Alaska"	"02"	"1990"	"1990"	31	549982	5.637
	"Alaska"	"02"	"1991"	"1991"	43	570440	7.538
	"Alaska"	"02"	"1992"	"1992"	41	589389	6.956
	"Alaska"	"02"	"1993"	"1993"	41	599884	6.835
	"Alaska"	"02"	"1994"	"1994"	33	603918	5.464
	"Alaska"	"02"	"1995"	"1995"	54	605068	8.925
	"Alaska"	"02"	"1996"	"1996"	42	609231	6.894
	"Alaska"	"02"	"1997"	"1997"	55	613530	8.965
	"Alaska"	"02"	"1998"	"1998"	47	620503	7.575
"Total"	"Alaska"	"02"			874	10752476	8.128
	"Arizona"	"04"	"1979"	"1979"	233	2643879	8.813
	"Arizona"	"04"	"1980"	"1980"	283	2725485	10.383
	"Arizona"	"04"	"1981"	"1981"	267	2816864	9.479
	"Arizona"	"04"	"1982"	"1982"	253	2896090	8.736
	"Arizona"	"04"	"1983"	"1983"	248	2974479	8.338
	"Arizona"	"04"	"1984"	"1984"	261	3072024	8.496
	"Arizona"	"04"	"1985"	"1985"	251	3190632	7.867
	"Arizona"	"04"	"1986"	"1986"	326	3315309	9.833
	"Arizona"	"04"	"1987"	"1987"	282	3444621	8.187
	"Arizona"	"04"	"1988"	"1988"	317	3543501	8.946
	"Arizona"	"04"	"1989"	"1989"	310	3629959	8.540
	"Arizona"	"04"	"1990"	"1990"	300	3670009	8.174
	"Arizona"	"04"	"1991"	"1991"	340	3789418	8.972
	"Arizona"	"04"	"1992"	"1992"	348	3917373	8.884
	"Arizona"	"04"	"1993"	"1993"	363	4066852	8.926
	"Arizona"	"04"	"1994"	"1994"	446	4247728	10.500
	"Arizona"	"04"	"1995"	"1995"	518	4433841	11.683
	"Arizona"	"04"	"1996"	"1996"	430	4589841	9.369
	"Arizona"	"04"	"1997"	"1997"	409	4739994	8.629
	"Arizona"	"04"	"1998"	"1998"	421	4886250	8.616
"Total"	"Arizona"	"04"			6606	72594149	9.100
	"Arkansas"	"05"	"1979"	"1979"	228	2270804	10.040
	"Arkansas"	"05"	"1980"	"1980"	252	2288599	11.011
	"Arkansas"	"05"	"1981"	"1981"	244	2293696	10.638
	"Arkansas"	"05"	"1982"	"1982"	227	2294665	9.893
	"Arkansas"	"05"	"1983"	"1983"	216	2305943	9.367
	"Arkansas"	"05"	"1984"	"1984"	200	2320088	8.620
	"Arkansas"	"05"	"1985"	"1985"	212	2328082	9.106
	"Arkansas"	"05"	"1986"	"1986"	230	2332608	9.860
	"Arkansas"	"05"	"1987"	"1987"	216	2343274	9.218
	"Arkansas"	"05"	"1988"	"1988"	254	2344127	10.836
	"Arkansas"	"05"	"1989"	"1989"	242	2348699	10.304
	"Arkansas"	"05"	"1990"	"1990"	253	2352527	10.754
	"Arkansas"	"05"	"1991"	"1991"	295	2384138	12.373
	"Arkansas"	"05"	"1992"	"1992"	295	2416429	12.208
	"Arkansas"	"05"	"1993"	"1993"	291	2457014	11.844
	"Arkansas"	"05"	"1994"	"1994"	310	2494910	12.425
	"Arkansas"	"05"	"1995"	"1995"	282	2535835	11.121
	"Arkansas"	"05"	"1996"	"1996"	238	2573244	9.249
	"Arkansas"	"05"	"1997"	"1997"	289	2602253	11.106
	"Arkansas"	"05"	"1998"	"1998"	228	2627564	8.677
"Total"	"Arkansas"	"05"			5002	47914499	10.439
	"California"	"06"	"1979"	"1979"	2961	23304422	12.706
	"California"	"06"	"1980"	"1980"	3433	23729183	14.467
	"California"	"06"	"1981"	"1981"	3182	24344273	13.071
	"California"	"06"	"1982"	"1982"	2854	24870183	11.476
	"California"	"06"	"1983"	"1983"	2667	25398443	10.501
	"California"	"06"	"1984"	"1984"	2772	25881851	10.710
	"California"	"06"	"1985"	"1985"	2779	26488512	10.491
	"California"	"06"	"1986"	"1986"	3084	27149692	11.359
	"California"	"06"	"1987"	"1987"	2919	27834578	10.487
	"California"	"06"	"1988"	"1988"	2974	28538528	10.421
	"California"	"06"	"1989"	"1989"	3179	29309226	10.846
	"California"	"06"	"1990"	"1990"	3692	29829422	12.377
	"California"	"06"	"1991"	"1991"	4062	30482745	13.326
	"California"	"06"	"1992"	"1992"	4125	30992952	13.309
	"California"	"06"	"1993"	"1993"	4232	31296016	13.522
	"California"	"06"	"1994"	"1994"	3855	31505058	12.236
	"California"	"06"	"1995"	"1995"	3573	31719735	11.264
	"California"	"06"	"1996"	"1996"	3000	32046821	9.361
	"California"	"06"	"1997"	"1997"	2780	32514514	8.550
	"California"	"06"	"1998"	"1998"	2344	33021362	7.098
"Total"	"California"	"06"			64467	570257516	11.305
	"Colorado"	"08"	"1979"	"1979"	153	2854156	5.361
	"Colorado"	"08"	"1980"	"1980"	188	2896401	6.491
	"Colorado"	"08"	"1981"	"1981"	242	2983957	8.110
	"Colorado"	"08"	"1982"	"1982"	199	3068025	6.486
	"Colorado"	"08"	"1983"	"1983"	190	3137512	6.056
	"Colorado"	"08"	"1984"	"1984"	182	3172473	5.737
	"Colorado"	"08"	"1985"	"1985"	189	3211081	5.886
	"Colorado"	"08"	"1986"	"1986"	232	3239353	7.162
	"Colorado"	"08"	"1987"	"1987"	196	3261010	6.010
	"Colorado"	"08"	"1988"	"1988"	182	3263281	5.577
	"Colorado"	"08"	"1989"	"1989"	154	3276660	4.700
	"Colorado"	"08"	"1990"	"1990"	147	3295529	4.461
	"Colorado"	"08"	"1991"	"1991"	200	3387824	5.903
	"Colorado"	"08"	"1992"	"1992"	208	3496821	5.948
	"Colorado"	"08"	"1993"	"1993"	207	3614735	5.727
	"Colorado"	"08"	"1994"	"1994"	204	3725509	5.476
	"Colorado"	"08"	"1995"	"1995"	202	3827609	5.277
	"Colorado"	"08"	"1996"	"1996"	206	3921395	5.253
	"Colorado"	"08"	"1997"	"1997"	172	4018882	4.280
	"Colorado"	"08"	"1998"	"1998"	185	4118190	4.492
"Total"	"Colorado"	"08"			3838	67770403	5.663
	"Connecticut"	"09"	"1979"	"1979"	133	3101686	4.288
	"Connecticut"	"09"	"1980"	"1980"	168	3109321	5.403
	"Connecticut"	"09"	"1981"	"1981"	146	3131032	4.663
	"Connecticut"	"09"	"1982"	"1982"	166	3141181	5.285
	"Connecticut"	"09"	"1983"	"1983"	138	3164200	4.361
	"Connecticut"	"09"	"1984"	"1984"	142	3182426	4.462
	"Connecticut"	"09"	"1985"	"1985"	122	3204314	3.807
	"Connecticut"	"09"	"1986"	"1986"	145	3226567	4.494
	"Connecticut"	"09"	"1987"	"1987"	159	3251130	4.891
	"Connecticut"	"09"	"1988"	"1988"	178	3275681	5.434
	"Connecticut"	"09"	"1989"	"1989"	194	3287127	5.902
	"Connecticut"	"09"	"1990"	"1990"	171	3287825	5.201
	"Connecticut"	"09"	"1991"	"1991"	185	3303749	5.600
	"Connecticut"	"09"	"1992"	"1992"	176	3301385	5.331
	"Connecticut"	"09"	"1993"	"1993"	206	3309945	6.224
	"Connecticut"	"09"	"1994"	"1994"	208	3316918	6.271
	"Connecticut"	"09"	"1995"	"1995"	149	3324324	4.482
	"Connecticut"	"09"	"1996"	"1996"	170	3337947	5.093
	"Connecticut"	"09"	"1997"	"1997"	128	3349822	3.821
	"Connecticut"	"09"	"1998"	"1998"	142	3366615	4.218
"Total"	"Connecticut"	"09"			3226	64973195	4.965
	"Delaware"	"10"	"1979"	"1979"	37	599476	6.172
	"Delaware"	"10"	"1980"	"1980"	46	595519	7.724
	"Delaware"	"10"	"1981"	"1981"	43	596658	7.207
	"Delaware"	"10"	"1982"	"1982"	32	599565	5.337
	"Delaware"	"10"	"1983"	"1983"	25	605660	4.128
	"Delaware"	"10"	"1984"	"1984"	27	611723	4.414
	"Delaware"	"10"	"1985"	"1985"	33	618730	5.334
	"Delaware"	"10"	"1986"	"1986"	36	628001	5.732
	"Delaware"	"10"	"1987"	"1987"	30	637508	4.706
	"Delaware"	"10"	"1988"	"1988"	31	648489	4.780
	"Delaware"	"10"	"1989"	"1989"	45	659194	6.827
	"Delaware"	"10"	"1990"	"1990"	39	666780	5.849
	"Delaware"	"10"	"1991"	"1991"	51	683489	7.462
	"Delaware"	"10"	"1992"	"1992"	36	695038	5.180
	"Delaware"	"10"	"1993"	"1993"	35	706719	4.952
	"Delaware"	"10"	"1994"	"1994"	29	717867	4.040
	"Delaware"	"10"	"1995"	"1995"	41	730099	5.616
	"Delaware"	"10"	"1996"	"1996"	54	741330	7.284
	"Delaware"	"10"	"1997"	"1997"	32	751824	4.256
	"Delaware"	"10"	"1998"	"1998"	28	763841	3.666
"Total"	"Delaware"	"10"			730	13257510	5.506
	"District of Columbia"	"11"	"1979"	"1979"	178	658050	27.050
	"District of Columbia"	"11"	"1980"	"1980"	169	640822	26.372
	"District of Columbia"	"11"	"1981"	"1981"	220	638852	34.437
	"District of Columbia"	"11"	"1982"	"1982"	208	636098	32.699
	"District of Columbia"	"11"	"1983"	"1983"	160	634223	25.228
	"District of Columbia"	"11"	"1984"	"1984"	164	635294	25.815
	"District of Columbia"	"11"	"1985"	"1985"	144	636435	22.626
	"District of Columbia"	"11"	"1986"	"1986"	169	640289	26.394
	"District of Columbia"	"11"	"1987"	"1987"	206	639144	32.231
	"District of Columbia"	"11"	"1988"	"1988"	307	633081	48.493
	"District of Columbia"	"11"	"1989"	"1989"	357	628088	56.839
	"District of Columbia"	"11"	"1990"	"1990"	398	609615	65.287
	"District of Columbia"	"11"	"1991"	"1991"	415	603671	68.746
	"District of Columbia"	"11"	"1992"	"1992"	384	600028	63.997
	"District of Columbia"	"11"	"1993"	"1993"	411	597713	68.762
	"District of Columbia"	"11"	"1994"	"1994"	347	591238	58.690
	"District of Columbia"	"11"	"1995"	"1995"	312	582247	53.586
	"District of Columbia"	"11"	"1996"	"1996"	325	573994	56.621
	"District of Columbia"	"11"	"1997"	"1997"	254	569116	44.631
	"District of Columbia"	"11"	"1998"	"1998"	209	566630	36.885
"Total"	"District of Columbia"	"11"			5337	12314628	43.339
	"Florida"	"12"	"1979"	"1979"	1164	9480731	12.278
	"Florida"	"12"	"1980"	"1980"	1498	9764074	15.342
	"Florida"	"12"	"1981"	"1981"	1560	10208144	15.282
	"Florida"	"12"	"1982"	"1982"	1452	10487366	13.845
	"Florida"	"12"	"1983"	"1983"	1273	10764476	11.826
	"Florida"	"12"	"1984"	"1984"	1372	11055366	12.410
	"Florida"	"12"	"1985"	"1985"	1342	11368628	11.804
	"Florida"	"12"	"1986"	"1986"	1430	11682730	12.240
	"Florida"	"12"	"1987"	"1987"	1480	12014726	12.318
	"Florida"	"12"	"1988"	"1988"	1709	12326923	13.864
	"Florida"	"12"	"1989"	"1989"	1593	12660706	12.582
	"Florida"	"12"	"1990"	"1990"	1583	12952277	12.222
	"Florida"	"12"	"1991"	"1991"	1460	13371703	10.919
	"Florida"	"12"	"1992"	"1992"	1369	13654211	10.026
	"Florida"	"12"	"1993"	"1993"	1374	13932066	9.862
	"Florida"	"12"	"1994"	"1994"	1308	14244848	9.182
	"Florida"	"12"	"1995"	"1995"	1230	14544358	8.457
	"Florida"	"12"	"1996"	"1996"	1176	14860585	7.914
	"Florida"	"12"	"1997"	"1997"	1115	15194344	7.338
	"Florida"	"12"	"1998"	"1998"	1061	15496518	6.847
"Total"	"Florida"	"12"			27549	250064780	11.017
	"Georgia"	"13"	"1979"	"1979"	845	5397054	15.657
	"Georgia"	"13"	"1980"	"1980"	802	5472448	14.655
	"Georgia"	"13"	"1981"	"1981"	817	5572350	14.662
	"Georgia"	"13"	"1982"	"1982"	791	5652656	13.993
	"Georgia"	"13"	"1983"	"1983"	620	5729765	10.821
	"Georgia"	"13"	"1984"	"1984"	665	5837719	11.391
	"Georgia"	"13"	"1985"	"1985"	699	5968250	11.712
	"Georgia"	"13"	"1986"	"1986"	774	6090642	12.708
	"Georgia"	"13"	"1987"	"1987"	833	6216909	13.399
	"Georgia"	"13"	"1988"	"1988"	799	6325549	12.631
	"Georgia"	"13"	"1989"	"1989"	909	6421599	14.155
	"Georgia"	"13"	"1990"	"1990"	841	6483380	12.972
	"Georgia"	"13"	"1991"	"1991"	942	6655914	14.153
	"Georgia"	"13"	"1992"	"1992"	830	6820520	12.169
	"Georgia"	"13"	"1993"	"1993"	833	6981614	11.931
	"Georgia"	"13"	"1994"	"1994"	808	7161196	11.283
	"Georgia"	"13"	"1995"	"1995"	731	7333169	9.968
	"Georgia"	"13"	"1996"	"1996"	727	7506543	9.685
	"Georgia"	"13"	"1997"	"1997"	647	7691435	8.412
	"Georgia"	"13"	"1998"	"1998"	664	7870311	8.437
"Total"	"Georgia"	"13"			15577	129189023	12.058
	"Hawaii"	"15"	"1979"	"1979"	61	952438	6.405
	"Hawaii"	"15"	"1980"	"1980"	71	967282	7.340
	"Hawaii"	"15"	"1981"	"1981"	48	980258	4.897
	"Hawaii"	"15"	"1982"	"1982"	29	995925	2.912
	"Hawaii"	"15"	"1983"	"1983"	49	1014687	4.829
	"Hawaii"	"15"	"1984"	"1984"	29	1029123	2.818
	"Hawaii"	"15"	"1985"	"1985"	36	1040309	3.461
	"Hawaii"	"15"	"1986"	"1986"	55	1052609	5.225
	"Hawaii"	"15"	"1987"	"1987"	47	1069296	4.395
	"Hawaii"	"15"	"1988"	"1988"	35	1081823	3.235
	"Hawaii"	"15"	"1989"	"1989"	51	1096941	4.649
	"Hawaii"	"15"	"1990"	"1990"	40	1109946	3.604
	"Hawaii"	"15"	"1991"	"1991"	50	1137471	4.396
	"Hawaii"	"15"	"1992"	"1992"	40	1159490	3.450
	"Hawaii"	"15"	"1993"	"1993"	36	1173765	3.067
	"Hawaii"	"15"	"1994"	"1994"	44	1188875	3.701
	"Hawaii"	"15"	"1995"	"1995"	56	1198027	4.674
	"Hawaii"	"15"	"1996"	"1996"	39	1205599	3.235
	"Hawaii"	"15"	"1997"	"1997"	47	1213103	3.874
	"Hawaii"	"15"	"1998"	"1998"	25	1217209	2.054
"Total"	"Hawaii"	"15"			888	21884176	4.058
	"Idaho"	"16"	"1979"	"1979"	55	934621	5.885
	"Idaho"	"16"	"1980"	"1980"	33	945395	3.491
	"Idaho"	"16"	"1981"	"1981"	40	962481	4.156
	"Idaho"	"16"	"1982"	"1982"	30	973832	3.081
	"Idaho"	"16"	"1983"	"1983"	26	981166	2.650
	"Idaho"	"16"	"1984"	"1984"	32	989800	3.233
	"Idaho"	"16"	"1985"	"1985"	23	993122	2.316
	"Idaho"	"16"	"1986"	"1986"	37	988853	3.742
	"Idaho"	"16"	"1987"	"1987"	34	983879	3.456
	"Idaho"	"16"	"1988"	"1988"	36	984942	3.655
	"Idaho"	"16"	"1989"	"1989"	29	994027	2.917
	"Idaho"	"16"	"1990"	"1990"	25	1006693	2.483
	"Idaho"	"16"	"1991"	"1991"	19	1041649	1.824 (Unreliable)
	"Idaho"	"16"	"1992"	"1992"	40	1072047	3.731
	"Idaho"	"16"	"1993"	"1993"	32	1108881	2.886
	"Idaho"	"16"	"1994"	"1994"	36	1145272	3.143
	"Idaho"	"16"	"1995"	"1995"	46	1177589	3.906
	"Idaho"	"16"	"1996"	"1996"	48	1203432	3.989
	"Idaho"	"16"	"1997"	"1997"	42	1228543	3.419
	"Idaho"	"16"	"1998"	"1998"	34	1252682	2.714
"Total"	"Idaho"	"16"			697	20968906	3.324
	"Illinois"	"17"	"1979"	"1979"	1422	11440371	12.430
	"Illinois"	"17"	"1980"	"1980"	1423	11448136	12.430
	"Illinois"	"17"	"1981"	"1981"	1413	11455471	12.335
	"Illinois"	"17"	"1982"	"1982"	1151	11432454	10.068
	"Illinois"	"17"	"1983"	"1983"	1193	11411820	10.454
	"Illinois"	"17"	"1984"	"1984"	1133	11415352	9.925
	"Illinois"	"17"	"1985"	"1985"	1038	11405963	9.101
	"Illinois"	"17"	"1986"	"1986"	1140	11390893	10.008
	"Illinois"	"17"	"1987"	"1987"	1067	11400420	9.359
	"Illinois"	"17"	"1988"	"1988"	1136	11404558	9.961
	"Illinois"	"17"	"1989"	"1989"	1176	11428341	10.290
	"Illinois"	"17"	"1990"	"1990"	1324	11443138	11.570
	"Illinois"	"17"	"1991"	"1991"	1453	11576175	12.552
	"Illinois"	"17"	"1992"	"1992"	1420	11698413	12.138
	"Illinois"	"17"	"1993"	"1993"	1406	11816159	11.899
	"Illinois"	"17"	"1994"	"1994"	1451	11919512	12.173
	"Illinois"	"17"	"1995"	"1995"	1286	12014530	10.704
	"Illinois"	"17"	"1996"	"1996"	1260	12109540	10.405
	"Illinois"	"17"	"1997"	"1997"	1154	12192249	9.465
	"Illinois"	"17"	"1998"	"1998"	1098	12281911	8.940
"Total"	"Illinois"	"17"			25144	232685406	10.806
	"Indiana"	"18"	"1979"	"1979"	396	5479304	7.227
	"Indiana"	"18"	"1980"	"1980"	431	5494918	7.844
	"Indiana"	"18"	"1981"	"1981"	361	5480835	6.587
	"Indiana"	"18"	"1982"	"1982"	345	5468160	6.309
	"Indiana"	"18"	"1983"	"1983"	283	5448436	5.194
	"Indiana"	"18"	"1984"	"1984"	302	5456941	5.534
	"Indiana"	"18"	"1985"	"1985"	321	5460017	5.879
	"Indiana"	"18"	"1986"	"1986"	297	5454341	5.445
	"Indiana"	"18"	"1987"	"1987"	285	5472984	5.207
	"Indiana"	"18"	"1988"	"1988"	328	5494747	5.969
	"Indiana"	"18"	"1989"	"1989"	286	5527092	5.175
	"Indiana"	"18"	"1990"	"1990"	324	5546819	5.841
	"Indiana"	"18"	"1991"	"1991"	377	5619615	6.709
	"Indiana"	"18"	"1992"	"1992"	400	5675757	7.048
	"Indiana"	"18"	"1993"	"1993"	401	5741125	6.985
	"Indiana"	"18"	"1994"	"1994"	455	5794799	7.852
	"Indiana"	"18"	"1995"	"1995"	445	5852819	7.603
	"Indiana"	"18"	"1996"	"1996"	394	5908417	6.668
	"Indiana"	"18"	"1997"	"1997"	423	5956292	7.102
	"Indiana"	"18"	"1998"	"1998"	404	6001025	6.732
"Total"	"Indiana"	"18"			7258	112334443	6.461
	"Iowa"	"19"	"1979"	"1979"	66	2919960	2.260
	"Iowa"	"19"	"1980"	"1980"	75	2917312	2.571
	"Iowa"	"19"	"1981"	"1981"	80	2908684	2.750
	"Iowa"	"19"	"1982"	"1982"	67	2887872	2.320
	"Iowa"	"19"	"1983"	"1983"	67	2869260	2.335
	"Iowa"	"19"	"1984"	"1984"	74	2857249	2.590
	"Iowa"	"19"	"1985"	"1985"	59	2828452	2.086
	"Iowa"	"19"	"1986"	"1986"	64	2789767	2.294
	"Iowa"	"19"	"1987"	"1987"	60	2765297	2.170
	"Iowa"	"19"	"1988"	"1988"	52	2767561	1.879
	"Iowa"	"19"	"1989"	"1989"	53	2770681	1.913
	"Iowa"	"19"	"1990"	"1990"	50	2776587	1.801
	"Iowa"	"19"	"1991"	"1991"	75	2798656	2.680
	"Iowa"	"19"	"1992"	"1992"	52	2819049	1.845
	"Iowa"	"19"	"1993"	"1993"	60	2837695	2.114
	"Iowa"	"19"	"1994"	"1994"	63	2851451	2.209
	"Iowa"	"19"	"1995"	"1995"	64	2868091	2.231
	"Iowa"	"19"	"1996"	"1996"	67	2880950	2.326
	"Iowa"	"19"	"1997"	"1997"	67	2891288	2.317
	"Iowa"	"19"	"1998"	"1998"	65	2903589	2.239
"Total"	"Iowa"	"19"			1280	56909451	2.249
	"Kansas"	"20"	"1979"	"1979"	127	2351528	5.401
	"Kansas"	"20"	"1980"	"1980"	176	2368222	7.432
	"Kansas"	"20"	"1981"	"1981"	159	2388484	6.657
	"Kansas"	"20"	"1982"	"1982"	146	2403605	6.074
	"Kansas"	"20"	"1983"	"1983"	128	2416834	5.296
	"Kansas"	"20"	"1984"	"1984"	91	2424856	3.753
	"Kansas"	"20"	"1985"	"1985"	113	2427892	4.654
	"Kansas"	"20"	"1986"	"1986"	122	2433204	5.014
	"Kansas"	"20"	"1987"	"1987"	111	2445357	4.539
	"Kansas"	"20"	"1988"	"1988"	98	2462513	3.980
	"Kansas"	"20"	"1989"	"1989"	129	2473223	5.216
	"Kansas"	"20"	"1990"	"1990"	110	2477805	4.439
	"Kansas"	"20"	"1991"	"1991"	155	2499627	6.201
	"Kansas"	"20"	"1992"	"1992"	153	2533409	6.039
	"Kansas"	"20"	"1993"	"1993"	197	2557596	7.703
	"Kansas"	"20"	"1994"	"1994"	184	2581640	7.127
	"Kansas"	"20"	"1995"	"1995"	159	2602226	6.110
	"Kansas"	"20"	"1996"	"1996"	141	2615563	5.391
	"Kansas"	"20"	"1997"	"1997"	153	2636018	5.804
	"Kansas"	"20"	"1998"	"1998"	156	2661727	5.861
"Total"	"Kansas"	"20"			2808	49761329	5.643
	"Kentucky"	"21"	"1979"	"1979"	347	3646979	9.515
	"Kentucky"	"21"	"1980"	"1980"	332	3663841	9.062
	"Kentucky"	"21"	"1981"	"1981"	311	3670577	8.473
	"Kentucky"	"21"	"1982"	"1982"	309	3683426	8.389
	"Kentucky"	"21"	"1983"	"1983"	269	3692888	7.284
	"Kentucky"	"21"	"1984"	"1984"	240	3693321	6.498
	"Kentucky"	"21"	"1985"	"1985"	248	3693608	6.714
	"Kentucky"	"21"	"1986"	"1986"	264	3686796	7.161
	"Kentucky"	"21"	"1987"	"1987"	247	3683045	6.706
	"Kentucky"	"21"	"1988"	"1988"	219	3680399	5.950
	"Kentucky"	"21"	"1989"	"1989"	211	3680272	5.733
	"Kentucky"	"21"	"1990"	"1990"	240	3687389	6.509
	"Kentucky"	"21"	"1991"	"1991"	250	3724483	6.712
	"Kentucky"	"21"	"1992"	"1992"	207	3766660	5.496
	"Kentucky"	"21"	"1993"	"1993"	243	3813296	6.372
	"Kentucky"	"21"	"1994"	"1994"	229	3850039	5.948
	"Kentucky"	"21"	"1995"	"1995"	249	3887959	6.404
	"Kentucky"	"21"	"1996"	"1996"	225	3920721	5.739
	"Kentucky"	"21"	"1997"	"1997"	255	3953242	6.450
	"Kentucky"	"21"	"1998"	"1998"	250	3987167	6.270
"Total"	"Kentucky"	"21"			5145	75066108	6.854
	"Louisiana"	"22"	"1979"	"1979"	690	4148645	16.632
	"Louisiana"	"22"	"1980"	"1980"	682	4215763	16.177
	"Louisiana"	"22"	"1981"	"1981"	699	4290182	16.293
	"Louisiana"	"22"	"1982"	"1982"	728	4359915	16.698
	"Louisiana"	"22"	"1983"	"1983"	666	4398962	15.140
	"Louisiana"	"22"	"1984"	"1984"	589	4402961	13.377
	"Louisiana"	"22"	"1985"	"1985"	521	4410832	11.812
	"Louisiana"	"22"	"1986"	"1986"	616	4407247	13.977
	"Louisiana"	"22"	"1987"	"1987"	555	4343172	12.779
	"Louisiana"	"22"	"1988"	"1988"	579	4290471	13.495
	"Louisiana"	"22"	"1989"	"1989"	680	4255514	15.979
	"Louisiana"	"22"	"1990"	"1990"	758	4222456	17.952
	"Louisiana"	"22"	"1991"	"1991"	827	4256824	19.428
	"Louisiana"	"22"	"1992"	"1992"	790	4294771	18.394
	"Louisiana"	"22"	"1993"	"1993"	909	4319122	21.046
	"Louisiana"	"22"	"1994"	"1994"	910	4349878	20.920
	"Louisiana"	"22"	"1995"	"1995"	762	4380949	17.393
	"Louisiana"	"22"	"1996"	"1996"	795	4401947	18.060
	"Louisiana"	"22"	"1997"	"1997"	699	4424355	15.799
	"Louisiana"	"22"	"1998"	"1998"	593	4443537	13.345
"Total"	"Louisiana"	"22"			14048	86617503	16.218
	"Maine"	"23"	"1979"	"1979"	31	1125556	2.754
	"Maine"	"23"	"1980"	"1980"	35	1125413	3.110
	"Maine"	"23"	"1981"	"1981"	36	1133551	3.176
	"Maine"	"23"	"1982"	"1982"	20	1137158	1.759
	"Maine"	"23"	"1983"	"1983"	27	1145063	2.358
	"Maine"	"23"	"1984"	"1984"	20	1155952	1.730
	"Maine"	"23"	"1985"	"1985"	30	1163300	2.579
	"Maine"	"23"	"1986"	"1986"	21	1170191	1.795
	"Maine"	"23"	"1987"	"1987"	23	1184645	1.942
	"Maine"	"23"	"1988"	"1988"	36	1204034	2.990
	"Maine"	"23"	"1989"	"1989"	44	1220123	3.606
	"Maine"	"23"	"1990"	"1990"	24	1227806	1.955
	"Maine"	"23"	"1991"	"1991"	24	1237484	1.939
	"Maine"	"23"	"1992"	"1992"	28	1238753	2.260
	"Maine"	"23"	"1993"	"1993"	19	1242424	1.529 (Unreliable)
	"Maine"	"23"	"1994"	"1994"	32	1242842	2.575
	"Maine"	"23"	"1995"	"1995"	21	1243566	1.689
	"Maine"	"23"	"1996"	"1996"	28	1249196	2.241
	"Maine"	"23"	"1997"	"1997"	21	1254858	1.673
	"Maine"	"23"	"1998"	"1998"	27	1259375	2.144
"Total"	"Maine"	"23"			547	23961290	2.283
	"Maryland"	"24"	"1979"	"1979"	415	4227079	9.818
	"Maryland"	"24"	"1980"	"1980"	419	4222450	9.923
	"Maryland"	"24"	"1981"	"1981"	430	4266825	10.078
	"Maryland"	"24"	"1982"	"1982"	412	4288914	9.606
	"Maryland"	"24"	"1983"	"1983"	378	4317920	8.754
	"Maryland"	"24"	"1984"	"1984"	384	4369622	8.788
	"Maryland"	"24"	"1985"	"1985"	364	4418431	8.238
	"Maryland"	"24"	"1986"	"1986"	421	4491956	9.372
	"Maryland"	"24"	"1987"	"1987"	460	4571635	10.062
	"Maryland"	"24"	"1988"	"1988"	481	4664719	10.311
	"Maryland"	"24"	"1989"	"1989"	578	4734189	12.209
	"Maryland"	"24"	"1990"	"1990"	599	4784119	12.521
	"Maryland"	"24"	"1991"	"1991"	592	4868547	12.160
	"Maryland"	"24"	"1992"	"1992"	639	4924464	12.976
	"Maryland"	"24"	"1993"	"1993"	650	4972392	13.072
	"Maryland"	"24"	"1994"	"1994"	641	5023845	12.759
	"Maryland"	"24"	"1995"	"1995"	633	5070237	12.485
	"Maryland"	"24"	"1996"	"1996"	595	5113159	11.637
	"Maryland"	"24"	"1997"	"1997"	542	5156659	10.511
	"Maryland"	"24"	"1998"	"1998"	566	5205894	10.872
"Total"	"Maryland"	"24"			10199	93693056	10.886
	"Massachusetts"	"25"	"1979"	"1979"	209	5748843	3.636
	"Massachusetts"	"25"	"1980"	"1980"	254	5742222	4.423
	"Massachusetts"	"25"	"1981"	"1981"	222	5773757	3.845
	"Massachusetts"	"25"	"1982"	"1982"	237	5777189	4.102
	"Massachusetts"	"25"	"1983"	"1983"	197	5804093	3.394
	"Massachusetts"	"25"	"1984"	"1984"	213	5846449	3.643
	"Massachusetts"	"25"	"1985"	"1985"	208	5888059	3.533
	"Massachusetts"	"25"	"1986"	"1986"	218	5908572	3.690
	"Massachusetts"	"25"	"1987"	"1987"	194	5941484	3.265
	"Massachusetts"	"25"	"1988"	"1988"	235	5988121	3.924
	"Massachusetts"	"25"	"1989"	"1989"	227	6024327	3.768
	"Massachusetts"	"25"	"1990"	"1990"	271	6018936	4.502
	"Massachusetts"	"25"	"1991"	"1991"	267	6019893	4.435
	"Massachusetts"	"25"	"1992"	"1992"	225	6030816	3.731
	"Massachusetts"	"25"	"1993"	"1993"	249	6061991	4.108
	"Massachusetts"	"25"	"1994"	"1994"	233	6096823	3.822
	"Massachusetts"	"25"	"1995"	"1995"	225	6141664	3.664
	"Massachusetts"	"25"	"1996"	"1996"	190	6180890	3.074
	"Massachusetts"	"25"	"1997"	"1997"	141	6227915	2.264
	"Massachusetts"	"25"	"1998"	"1998"	124	6275021	1.976
"Total"	"Massachusetts"	"25"			4339	119497065	3.631
	"Michigan"	"26"	"1979"	"1979"	870	9257009	9.398
	"Michigan"	"26"	"1980"	"1980"	998	9270570	10.765
	"Michigan"	"26"	"1981"	"1981"	931	9211052	10.107
	"Michigan"	"26"	"1982"	"1982"	929	9116004	10.191
	"Michigan"	"26"	"1983"	"1983"	939	9044768	10.382
	"Michigan"	"26"	"1984"	"1984"	929	9051129	10.264
	"Michigan"	"26"	"1985"	"1985"	1050	9080608	11.563
	"Michigan"	"26"	"1986"	"1986"	1103	9131461	12.079
	"Michigan"	"26"	"1987"	"1987"	1161	9192919	12.629
	"Michigan"	"26"	"1988"	"1988"	1051	9220559	11.398
	"Michigan"	"26"	"1989"	"1989"	1063	9261707	11.477
	"Michigan"	"26"	"1990"	"1990"	1071	9297733	11.519
	"Michigan"	"26"	"1991"	"1991"	1141	9405654	12.131
	"Michigan"	"26"	"1992"	"1992"	1054	9481313	11.117
	"Michigan"	"26"	"1993"	"1993"	1038	9542498	10.878
	"Michigan"	"26"	"1994"	"1994"	1029	9601374	10.717
	"Michigan"	"26"	"1995"	"1995"	939	9678159	9.702
	"Michigan"	"26"	"1996"	"1996"	799	9761416	8.185
	"Michigan"	"26"	"1997"	"1997"	778	9811768	7.929
	"Michigan"	"26"	"1998"	"1998"	767	9851606	7.786
"Total"	"Michigan"	"26"			19640	187269307	10.488
	"Minnesota"	"27"	"1979"	"1979"	102	4043445	2.523
	"Minnesota"	"27"	"1980"	"1980"	118	4082304	2.891
	"Minnesota"	"27"	"1981"	"1981"	95	4116561	2.308
	"Minnesota"	"27"	"1982"	"1982"	100	4134565	2.419
	"Minnesota"	"27"	"1983"	"1983"	74	4140847	1.787
	"Minnesota"	"27"	"1984"	"1984"	85	4158462	2.044
	"Minnesota"	"27"	"1985"	"1985"	84	4185589	2.007
	"Minnesota"	"27"	"1986"	"1986"	109	4205059	2.592
	"Minnesota"	"27"	"1987"	"1987"	120	4234621	2.834
	"Minnesota"	"27"	"1988"	"1988"	124	4296514	2.886
	"Minnesota"	"27"	"1989"	"1989"	115	4338139	2.651
	"Minnesota"	"27"	"1990"	"1990"	138	4374144	3.155
	"Minnesota"	"27"	"1991"	"1991"	135	4442550	3.039
	"Minnesota"	"27"	"1992"	"1992"	143	4496148	3.181
	"Minnesota"	"27"	"1993"	"1993"	142	4556938	3.116
	"Minnesota"	"27"	"1994"	"1994"	150	4611776	3.253
	"Minnesota"	"27"	"1995"	"1995"	176	4661111	3.776
	"Minnesota"	"27"	"1996"	"1996"	175	4713977	3.712
	"Minnesota"	"27"	"1997"	"1997"	132	4764459	2.771
	"Minnesota"	"27"	"1998"	"1998"	119	4815103	2.471
"Total"	"Minnesota"	"27"			2436	87372312	2.788
	"Mississippi"	"28"	"1979"	"1979"	342	2511256	13.619
	"Mississippi"	"28"	"1980"	"1980"	360	2525447	14.255
	"Mississippi"	"28"	"1981"	"1981"	344	2541298	13.536
	"Mississippi"	"28"	"1982"	"1982"	406	2558332	15.870
	"Mississippi"	"28"	"1983"	"1983"	277	2567091	10.790
	"Mississippi"	"28"	"1984"	"1984"	298	2577540	11.561
	"Mississippi"	"28"	"1985"	"1985"	305	2587595	11.787
	"Mississippi"	"28"	"1986"	"1986"	341	2592534	13.153
	"Mississippi"	"28"	"1987"	"1987"	307	2588225	11.861
	"Mississippi"	"28"	"1988"	"1988"	304	2581921	11.774
	"Mississippi"	"28"	"1989"	"1989"	309	2577300	11.989
	"Mississippi"	"28"	"1990"	"1990"	378	2575063	14.679
	"Mississippi"	"28"	"1991"	"1991"	405	2601024	15.571
	"Mississippi"	"28"	"1992"	"1992"	453	2624678	17.259
	"Mississippi"	"28"	"1993"	"1993"	490	2656371	18.446
	"Mississippi"	"28"	"1994"	"1994"	456	2690511	16.948
	"Mississippi"	"28"	"1995"	"1995"	428	2724100	15.712
	"Mississippi"	"28"	"1996"	"1996"	374	2749883	13.601
	"Mississippi"	"28"	"1997"	"1997"	382	2778557	13.748
	"Mississippi"	"28"	"1998"	"1998"	355	2807091	12.647
"Total"	"Mississippi"	"28"			7314	52415817	13.954
	"Missouri"	"29"	"1979"	"1979"	578	4896275	11.805
	"Missouri"	"29"	"1980"	"1980"	605	4924814	12.285
	"Missouri"	"29"	"1981"	"1981"	565	4936035	11.446
	"Missouri"	"29"	"1982"	"1982"	513	4932516	10.400
	"Missouri"	"29"	"1983"	"1983"	423	4945152	8.554
	"Missouri"	"29"	"1984"	"1984"	393	4975430	7.899
	"Missouri"	"29"	"1985"	"1985"	428	5002627	8.556
	"Missouri"	"29"	"1986"	"1986"	495	5023917	9.853
	"Missouri"	"29"	"1987"	"1987"	472	5057592	9.333
	"Missouri"	"29"	"1988"	"1988"	434	5084041	8.537
	"Missouri"	"29"	"1989"	"1989"	447	5099228	8.766
	"Missouri"	"29"	"1990"	"1990"	474	5119810	9.258
	"Missouri"	"29"	"1991"	"1991"	557	5173480	10.766
	"Missouri"	"29"	"1992"	"1992"	561	5218259	10.751
	"Missouri"	"29"	"1993"	"1993"	599	5273201	11.359
	"Missouri"	"29"	"1994"	"1994"	609	5326464	11.433
	"Missouri"	"29"	"1995"	"1995"	469	5379909	8.718
	"Missouri"	"29"	"1996"	"1996"	462	5434012	8.502
	"Missouri"	"29"	"1997"	"1997"	427	5483268	7.787
	"Missouri"	"29"	"1998"	"1998"	422	5524750	7.638
"Total"	"Missouri"	"29"			9933	102810780	9.661
	"Montana"	"30"	"1979"	"1979"	38	790598	4.806
	"Montana"	"30"	"1980"	"1980"	41	788004	5.203
	"Montana"	"30"	"1981"	"1981"	47	796224	5.903
	"Montana"	"30"	"1982"	"1982"	34	804762	4.225
	"Montana"	"30"	"1983"	"1983"	34	813994	4.177
	"Montana"	"30"	"1984"	"1984"	37	820809	4.508
	"Montana"	"30"	"1985"	"1985"	45	821606	5.477
	"Montana"	"30"	"1986"	"1986"	41	812728	5.045
	"Montana"	"30"	"1987"	"1987"	37	804102	4.601
	"Montana"	"30"	"1988"	"1988"	33	799194	4.129
	"Montana"	"30"	"1989"	"1989"	29	799006	3.630
	"Montana"	"30"	"1990"	"1990"	34	798774	4.257
	"Montana"	"30"	"1991"	"1991"	36	809934	4.445
	"Montana"	"30"	"1992"	"1992"	36	825876	4.359
	"Montana"	"30"	"1993"	"1993"	36	844978	4.260
	"Montana"	"30"	"1994"	"1994"	34	861438	3.947
	"Montana"	"30"	"1995"	"1995"	46	876886	5.246
	"Montana"	"30"	"1996"	"1996"	37	886342	4.174
	"Montana"	"30"	"1997"	"1997"	36	890120	4.044
	"Montana"	"30"	"1998"	"1998"	26	892677	2.913
"Total"	"Montana"	"30"			737	16538052	4.456
	"Nebraska"	"31"	"1979"	"1979"	66	1566773	4.212
	"Nebraska"	"31"	"1980"	"1980"	66	1572604	4.197
	"Nebraska"	"31"	"1981"	"1981"	57	1580405	3.607
	"Nebraska"	"31"	"1982"	"1982"	39	1583033	2.464
	"Nebraska"	"31"	"1983"	"1983"	40	1584550	2.524
	"Nebraska"	"31"	"1984"	"1984"	52	1588722	3.273
	"Nebraska"	"31"	"1985"	"1985"	46	1584368	2.903
	"Nebraska"	"31"	"1986"	"1986"	51	1573401	3.241
	"Nebraska"	"31"	"1987"	"1987"	50	1565620	3.194
	"Nebraska"	"31"	"1988"	"1988"	55	1570938	3.501
	"Nebraska"	"31"	"1989"	"1989"	43	1574764	2.731
	"Nebraska"	"31"	"1990"	"1990"	41	1578064	2.598
	"Nebraska"	"31"	"1991"	"1991"	55	1596681	3.445
	"Nebraska"	"31"	"1992"	"1992"	60	1612239	3.722
	"Nebraska"	"31"	"1993"	"1993"	60	1626390	3.689
	"Nebraska"	"31"	"1994"	"1994"	51	1639753	3.110
	"Nebraska"	"31"	"1995"	"1995"	67	1657690	4.042
	"Nebraska"	"31"	"1996"	"1996"	47	1674423	2.807
	"Nebraska"	"31"	"1997"	"1997"	61	1686860	3.616
	"Nebraska"	"31"	"1998"	"1998"	55	1696464	3.242
"Total"	"Nebraska"	"31"			1062	32113742	3.307
	"Nevada"	"32"	"1979"	"1979"	118	766883	15.387
	"Nevada"	"32"	"1980"	"1980"	130	802587	16.198
	"Nevada"	"32"	"1981"	"1981"	133	849258	15.661
	"Nevada"	"32"	"1982"	"1982"	113	882729	12.801
	"Nevada"	"32"	"1983"	"1983"	110	902325	12.191
	"Nevada"	"32"	"1984"	"1984"	99	925490	10.697
	"Nevada"	"32"	"1985"	"1985"	98	951751	10.297
	"Nevada"	"32"	"1986"	"1986"	110	981594	11.206
	"Nevada"	"32"	"1987"	"1987"	75	1024508	7.321
	"Nevada"	"32"	"1988"	"1988"	97	1076531	9.010
	"Nevada"	"32"	"1989"	"1989"	117	1139274	10.270
	"Nevada"	"32"	"1990"	"1990"	130	1202941	10.807
	"Nevada"	"32"	"1991"	"1991"	161	1296406	12.419
	"Nevada"	"32"	"1992"	"1992"	151	1352217	11.167
	"Nevada"	"32"	"1993"	"1993"	155	1411562	10.981
	"Nevada"	"32"	"1994"	"1994"	163	1499740	10.869
	"Nevada"	"32"	"1995"	"1995"	162	1581963	10.240
	"Nevada"	"32"	"1996"	"1996"	203	1666989	12.178
	"Nevada"	"32"	"1997"	"1997"	173	1764495	9.805
	"Nevada"	"32"	"1998"	"1998"	168	1854096	9.061
"Total"	"Nevada"	"32"			2666	23933339	11.139
	"New Hampshire"	"33"	"1979"	"1979"	17	912305	1.863 (Unreliable)
	"New Hampshire"	"33"	"1980"	"1980"	17	921857	1.844 (Unreliable)
	"New Hampshire"	"33"	"1981"	"1981"	25	937237	2.667
	"New Hampshire"	"33"	"1982"	"1982"	17	948559	1.792 (Unreliable)
	"New Hampshire"	"33"	"1983"	"1983"	17	958516	1.774 (Unreliable)
	"New Hampshire"	"33"	"1984"	"1984"	12	977486	1.228 (Unreliable)
	"New Hampshire"	"33"	"1985"	"1985"	16	998254	1.603 (Unreliable)
	"New Hampshire"	"33"	"1986"	"1986"	23	1026391	2.241
	"New Hampshire"	"33"	"1987"	"1987"	29	1056137	2.746
	"New Hampshire"	"33"	"1988"	"1988"	28	1083938	2.583
	"New Hampshire"	"33"	"1989"	"1989"	32	1105559	2.894
	"New Hampshire"	"33"	"1990"	"1990"	18	1109074	1.623 (Unreliable)
	"New Hampshire"	"33"	"1991"	"1991"	34	1110160	3.063
	"New Hampshire"	"33"	"1992"	"1992"	22	1117966	1.968
	"New Hampshire"	"33"	"1993"	"1993"	26	1129567	2.302
	"New Hampshire"	"33"	"1994"	"1994"	21	1142653	1.838
	"New Hampshire"	"33"	"1995"	"1995"	17	1157515	1.469 (Unreliable)
	"New Hampshire"	"33"	"1996"	"1996"	19	1174827	1.617 (Unreliable)
	"New Hampshire"	"33"	"1997"	"1997"	24	1189380	2.018
	"New Hampshire"	"33"	"1998"	"1998"	18	1206114	1.492 (Unreliable)
"Total"	"New Hampshire"	"33"			432	21263495	2.032
	"New Jersey"	"34"	"1979"	"1979"	482	7376891	6.534
	"New Jersey"	"34"	"1980"	"1980"	519	7369031	7.043
	"New Jersey"	"34"	"1981"	"1981"	542	7410794	7.314
	"New Jersey"	"34"	"1982"	"1982"	527	7436116	7.087
	"New Jersey"	"34"	"1983"	"1983"	429	7472553	5.741
	"New Jersey"	"34"	"1984"	"1984"	416	7521394	5.531
	"New Jersey"	"34"	"1985"	"1985"	414	7574114	5.466
	"New Jersey"	"34"	"1986"	"1986"	399	7631703	5.228
	"New Jersey"	"34"	"1987"	"1987"	371	7682247	4.829
	"New Jersey"	"34"	"1988"	"1988"	407	7725411	5.268
	"New Jersey"	"34"	"1989"	"1989"	423	7740291	5.465
	"New Jersey"	"34"	"1990"	"1990"	481	7735834	6.218
	"New Jersey"	"34"	"1991"	"1991"	442	7817415	5.654
	"New Jersey"	"34"	"1992"	"1992"	396	7882245	5.024
	"New Jersey"	"34"	"1993"	"1993"	430	7950885	5.408
	"New Jersey"	"34"	"1994"	"1994"	418	8017412	5.214
	"New Jersey"	"34"	"1995"	"1995"	428	8085139	5.294
	"New Jersey"	"34"	"1996"	"1996"	379	8153445	4.648
	"New Jersey"	"34"	"1997"	"1997"	358	8222708	4.354
	"New Jersey"	"34"	"1998"	"1998"	330	8293003	3.979
"Total"	"New Jersey"	"34"			8591	155098631	5.539
	"New Mexico"	"35"	"1979"	"1979"	171	1283865	13.319
	"New Mexico"	"35"	"1980"	"1980"	204	1306062	15.619
	"New Mexico"	"35"	"1981"	"1981"	153	1335253	11.459
	"New Mexico"	"35"	"1982"	"1982"	132	1366486	9.660
	"New Mexico"	"35"	"1983"	"1983"	102	1396135	7.306
	"New Mexico"	"35"	"1984"	"1984"	124	1417741	8.746
	"New Mexico"	"35"	"1985"	"1985"	157	1439684	10.905
	"New Mexico"	"35"	"1986"	"1986"	193	1463653	13.186
	"New Mexico"	"35"	"1987"	"1987"	151	1479456	10.206
	"New Mexico"	"35"	"1988"	"1988"	165	1491143	11.065
	"New Mexico"	"35"	"1989"	"1989"	154	1505199	10.231
	"New Mexico"	"35"	"1990"	"1990"	137	1515717	9.039
	"New Mexico"	"35"	"1991"	"1991"	173	1555923	11.119
	"New Mexico"	"35"	"1992"	"1992"	156	1595850	9.775
	"New Mexico"	"35"	"1993"	"1993"	157	1636911	9.591
	"New Mexico"	"35"	"1994"	"1994"	178	1683067	10.576
	"New Mexico"	"35"	"1995"	"1995"	162	1720613	9.415
	"New Mexico"	"35"	"1996"	"1996"	183	1753127	10.438
	"New Mexico"	"35"	"1997"	"1997"	158	1775156	8.901
	"New Mexico"	"35"	"1998"	"1998"	162	1794370	9.028
"Total"	"New Mexico"	"35"			3172	30515411	10.395
	"New York"	"36"	"1979"	"1979"	2090	17642635	11.846
	"New York"	"36"	"1980"	"1980"	2200	17569902	12.521
	"New York"	"36"	"1981"	"1981"	2203	17580612	12.531
	"New York"	"36"	"1982"	"1982"	2022	17606044	11.485
	"New York"	"36"	"1983"	"1983"	1958	17700795	11.062
	"New York"	"36"	"1984"	"1984"	1768	17760104	9.955
	"New York"	"36"	"1985"	"1985"	1694	17812033	9.510
	"New York"	"36"	"1986"	"1986"	1881	17855619	10.534
	"New York"	"36"	"1987"	"1987"	2002	17896387	11.187
	"New York"	"36"	"1988"	"1988"	2289	17973645	12.735
	"New York"	"36"	"1989"	"1989"	2284	18020427	12.675
	"New York"	"36"	"1990"	"1990"	2576	18010739	14.303
	"New York"	"36"	"1991"	"1991"	2600	18130655	14.340
	"New York"	"36"	"1992"	"1992"	2421	18252611	13.264
	"New York"	"36"	"1993"	"1993"	2428	18382546	13.208
	"New York"	"36"	"1994"	"1994"	2029	18469421	10.986
	"New York"	"36"	"1995"	"1995"	1568	18534018	8.460
	"New York"	"36"	"1996"	"1996"	1350	18601063	7.258
	"New York"	"36"	"1997"	"1997"	1132	18668538	6.064
	"New York"	"36"	"1998"	"1998"	956	18772357	5.093
"Total"	"New York"	"36"			39451	361240151	10.921
	"North Carolina"	"37"	"1979"	"1979"	653	5805293	11.248
	"North Carolina"	"37"	"1980"	"1980"	662	5885456	11.248
	"North Carolina"	"37"	"1981"	"1981"	614	5958396	10.305
	"North Carolina"	"37"	"1982"	"1982"	626	6022244	10.395
	"North Carolina"	"37"	"1983"	"1983"	552	6077569	9.083
	"North Carolina"	"37"	"1984"	"1984"	507	6166516	8.222
	"North Carolina"	"37"	"1985"	"1985"	566	6258979	9.043
	"North Carolina"	"37"	"1986"	"1986"	581	6326197	9.184
	"North Carolina"	"37"	"1987"	"1987"	583	6410298	9.095
	"North Carolina"	"37"	"1988"	"1988"	577	6489369	8.891
	"North Carolina"	"37"	"1989"	"1989"	700	6575819	10.645
	"North Carolina"	"37"	"1990"	"1990"	763	6633506	11.502
	"North Carolina"	"37"	"1991"	"1991"	883	6786010	13.012
	"North Carolina"	"37"	"1992"	"1992"	811	6900726	11.752
	"North Carolina"	"37"	"1993"	"1993"	853	7045119	12.108
	"North Carolina"	"37"	"1994"	"1994"	811	7190261	11.279
	"North Carolina"	"37"	"1995"	"1995"	685	7347430	9.323
	"North Carolina"	"37"	"1996"	"1996"	668	7505290	8.900
	"North Carolina"	"37"	"1997"	"1997"	676	7660857	8.824
	"North Carolina"	"37"	"1998"	"1998"	666	7814558	8.523
"Total"	"North Carolina"	"37"			13437	132859893	10.114
	"North Dakota"	"38"	"1979"	"1979"	12	653417	1.836 (Unreliable)
	"North Dakota"	"38"	"1980"	"1980"	13	653755	1.989 (Unreliable)
	"North Dakota"	"38"	"1981"	"1981"	18	660558	2.725 (Unreliable)
	"North Dakota"	"38"	"1982"	"1982"	7	669903	1.045 (Unreliable)
	"North Dakota"	"38"	"1983"	"1983"	18	677113	2.658 (Unreliable)
	"North Dakota"	"38"	"1984"	"1984"	16	680312	2.352 (Unreliable)
	"North Dakota"	"38"	"1985"	"1985"	12	676853	1.773 (Unreliable)
	"North Dakota"	"38"	"1986"	"1986"	9	668770	1.346 (Unreliable)
	"North Dakota"	"38"	"1987"	"1987"	11	660408	1.666 (Unreliable)
	"North Dakota"	"38"	"1988"	"1988"	15	654883	2.290 (Unreliable)
	"North Dakota"	"38"	"1992"	"1992"	12	638575	1.879 (Unreliable)
	"North Dakota"	"38"	"1993"	"1993"	21	641483	3.274
	"North Dakota"	"38"	"1995"	"1995"	13	648019	2.006 (Unreliable)
	"North Dakota"	"38"	"1996"	"1996"	11	650563	1.691 (Unreliable)
	"North Dakota"	"38"	"1997"	"1997"	11	649952	1.692 (Unreliable)
	"North Dakota"	"38"	"1998"	"1998"	11	647619	1.699 (Unreliable)
"Total"	"North Dakota"	"38"			241	13097563	1.840
	"Ohio"	"39"	"1979"	"1979"	829	10809033	7.670
	"Ohio"	"39"	"1980"	"1980"	810	10809348	7.494
	"Ohio"	"39"	"1981"	"1981"	781	10795737	7.234
	"Ohio"	"39"	"1982"	"1982"	694	10761581	6.449
	"Ohio"	"39"	"1983"	"1983"	550	10735643	5.123
	"Ohio"	"39"	"1984"	"1984"	536	10736395	4.992
	"Ohio"	"39"	"1985"	"1985"	545	10736928	5.076
	"Ohio"	"39"	"1986"	"1986"	549	10731362	5.116
	"Ohio"	"39"	"1987"	"1987"	556	10761881	5.166
	"Ohio"	"39"	"1988"	"1988"	548	10802549	5.073
	"Ohio"	"39"	"1989"	"1989"	607	10834811	5.602
	"Ohio"	"39"	"1990"	"1990"	660	10850094	6.083
	"Ohio"	"39"	"1991"	"1991"	693	10951104	6.328
	"Ohio"	"39"	"1992"	"1992"	667	11031225	6.046
	"Ohio"	"39"	"1993"	"1993"	594	11103679	5.350
	"Ohio"	"39"	"1994"	"1994"	557	11154945	4.993
	"Ohio"	"39"	"1995"	"1995"	528	11205299	4.712
	"Ohio"	"39"	"1996"	"1996"	494	11244913	4.393
	"Ohio"	"39"	"1997"	"1997"	479	11279094	4.247
	"Ohio"	"39"	"1998"	"1998"	439	11315474	3.880
"Total"	"Ohio"	"39"			12116	218651095	5.541
	"Oklahoma"	"40"	"1979"	"1979"	308	2974068	10.356
	"Oklahoma"	"40"	"1980"	"1980"	322	3030739	10.624
	"Oklahoma"	"40"	"1981"	"1981"	302	3101005	9.739
	"Oklahoma"	"40"	"1982"	"1982"	345	3213698	10.735
	"Oklahoma"	"40"	"1983"	"1983"	272	3292987	8.260
	"Oklahoma"	"40"	"1984"	"1984"	270	3285285	8.218
	"Oklahoma"	"40"	"1985"	"1985"	270	3269949	8.257
	"Oklahoma"	"40"	"1986"	"1986"	292	3249991	8.985
	"Oklahoma"	"40"	"1987"	"1987"	276	3206611	8.607
	"Oklahoma"	"40"	"1988"	"1988"	259	3165891	8.181
	"Oklahoma"	"40"	"1989"	"1989"	243	3150823	7.712
	"Oklahoma"	"40"	"1990"	"1990"	276	3146136	8.773
	"Oklahoma"	"40"	"1991"	"1991"	263	3176556	8.279
	"Oklahoma"	"40"	"1992"	"1992"	247	3221404	7.667
	"Oklahoma"	"40"	"1993"	"1993"	302	3253331	9.283
	"Oklahoma"	"40"	"1994"	"1994"	267	3282213	8.135
	"Oklahoma"	"40"	"1995"	"1995"	428	3309855	12.931
	"Oklahoma"	"40"	"1996"	"1996"	256	3341657	7.661
	"Oklahoma"	"40"	"1997"	"1997"	284	3374534	8.416
	"Oklahoma"	"40"	"1998"	"1998"	211	3407252	6.193
"Total"	"Oklahoma"	"40"			5693	64453985	8.833
	"Oregon"	"41"	"1979"	"1979"	109	2581971	4.222
	"Oregon"	"41"	"1980"	"1980"	140	2636626	5.310
	"Oregon"	"41"	"1981"	"1981"	116	2669849	4.345
	"Oregon"	"41"	"1982"	"1982"	145	2664744	5.441
	"Oregon"	"41"	"1983"	"1983"	113	2652041	4.261
	"Oregon"	"41"	"1984"	"1984"	127	2665575	4.764
	"Oregon"	"41"	"1985"	"1985"	118	2672205	4.416
	"Oregon"	"41"	"1986"	"1986"	176	2683141	6.559
	"Oregon"	"41"	"1987"	"1987"	153	2700862	5.665
	"Oregon"	"41"	"1988"	"1988"	142	2742357	5.178
	"Oregon"	"41"	"1989"	"1989"	135	2791767	4.836
	"Oregon"	"41"	"1990"	"1990"	102	2843155	3.588
	"Oregon"	"41"	"1991"	"1991"	124	2929085	4.233
	"Oregon"	"41"	"1992"	"1992"	146	2992359	4.879
	"Oregon"	"41"	"1993"	"1993"	140	3061333	4.573
	"Oregon"	"41"	"1994"	"1994"	176	3121913	5.638
	"Oregon"	"41"	"1995"	"1995"	146	3185037	4.584
	"Oregon"	"41"	"1996"	"1996"	141	3248377	4.341
	"Oregon"	"41"	"1997"	"1997"	128	3304834	3.873
	"Oregon"	"41"	"1998"	"1998"	136	3354163	4.055
"Total"	"Oregon"	"41"			2713	57501394	4.718
	"Pennsylvania"	"42"	"1979"	"1979"	755	11882234	6.354
	"Pennsylvania"	"42"	"1980"	"1980"	823	11873224	6.932
	"Pennsylvania"	"42"	"1981"	"1981"	764	11866773	6.438
	"Pennsylvania"	"42"	"1982"	"1982"	713	11853261	6.015
	"Pennsylvania"	"42"	"1983"	"1983"	617	11840497	5.211
	"Pennsylvania"	"42"	"1984"	"1984"	578	11817071	4.891
	"Pennsylvania"	"42"	"1985"	"1985"	589	11776308	5.002
	"Pennsylvania"	"42"	"1986"	"1986"	658	11787507	5.582
	"Pennsylvania"	"42"	"1987"	"1987"	643	11816661	5.441
	"Pennsylvania"	"42"	"1988"	"1988"	670	11853242	5.652
	"Pennsylvania"	"42"	"1989"	"1989"	780	11874141	6.569
	"Pennsylvania"	"42"	"1990"	"1990"	827	11886559	6.957
	"Pennsylvania"	"42"	"1991"	"1991"	777	11987818	6.482
	"Pennsylvania"	"42"	"1992"	"1992"	774	12052611	6.422
	"Pennsylvania"	"42"	"1993"	"1993"	841	12123137	6.937
	"Pennsylvania"	"42"	"1994"	"1994"	745	12170062	6.122
	"Pennsylvania"	"42"	"1995"	"1995"	773	12201314	6.335
	"Pennsylvania"	"42"	"1996"	"1996"	707	12225148	5.783
	"Pennsylvania"	"42"	"1997"	"1997"	779	12229931	6.370
	"Pennsylvania"	"42"	"1998"	"1998"	630	12250692	5.143
"Total"	"Pennsylvania"	"42"			14443	239368191	6.034
	"Rhode Island"	"44"	"1979"	"1979"	36	957016	3.762
	"Rhode Island"	"44"	"1980"	"1980"	55	948005	5.802
	"Rhode Island"	"44"	"1981"	"1981"	49	953757	5.138
	"Rhode Island"	"44"	"1982"	"1982"	36	954795	3.770
	"Rhode Island"	"44"	"1983"	"1983"	36	956902	3.762
	"Rhode Island"	"44"	"1984"	"1984"	38	962417	3.948
	"Rhode Island"	"44"	"1985"	"1985"	38	969638	3.919
	"Rhode Island"	"44"	"1986"	"1986"	41	978176	4.191
	"Rhode Island"	"44"	"1987"	"1987"	47	990695	4.744
	"Rhode Island"	"44"	"1988"	"1988"	44	997406	4.411
	"Rhode Island"	"44"	"1989"	"1989"	51	1001925	5.090
	"Rhode Island"	"44"	"1990"	"1990"	51	1004026	5.080
	"Rhode Island"	"44"	"1991"	"1991"	44	1010812	4.353
	"Rhode Island"	"44"	"1992"	"1992"	32	1012667	3.160
	"Rhode Island"	"44"	"1993"	"1993"	45	1014973	4.434
	"Rhode Island"	"44"	"1994"	"1994"	49	1015892	4.823
	"Rhode Island"	"44"	"1995"	"1995"	33	1016502	3.246
	"Rhode Island"	"44"	"1996"	"1996"	28	1020486	2.744
	"Rhode Island"	"44"	"1997"	"1997"	26	1024948	2.537
	"Rhode Island"	"44"	"1998"	"1998"	22	1031343	2.133
"Total"	"Rhode Island"	"44"			801	19822381	4.041
	"South Carolina"	"45"	"1979"	"1979"	374	3090454	12.102
	"South Carolina"	"45"	"1980"	"1980"	387	3126100	12.380
	"South Carolina"	"45"	"1981"	"1981"	355	3182070	11.156
	"South Carolina"	"45"	"1982"	"1982"	381	3209765	11.870
	"South Carolina"	"45"	"1983"	"1983"	320	3234838	9.892
	"South Carolina"	"45"	"1984"	"1984"	304	3272398	9.290
	"South Carolina"	"45"	"1985"	"1985"	320	3304946	9.682
	"South Carolina"	"45"	"1986"	"1986"	323	3344298	9.658
	"South Carolina"	"45"	"1987"	"1987"	341	3383016	10.080
	"South Carolina"	"45"	"1988"	"1988"	346	3416448	10.127
	"South Carolina"	"45"	"1989"	"1989"	339	3462182	9.792
	"South Carolina"	"45"	"1990"	"1990"	430	3489605	12.322
	"South Carolina"	"45"	"1991"	"1991"	435	3572113	12.178
	"South Carolina"	"45"	"1992"	"1992"	437	3621983	12.065
	"South Carolina"	"45"	"1993"	"1993"	407	3664533	11.106
	"South Carolina"	"45"	"1994"	"1994"	392	3706500	10.576
	"South Carolina"	"45"	"1995"	"1995"	326	3749504	8.694
	"South Carolina"	"45"	"1996"	"1996"	370	3797265	9.744
	"South Carolina"	"45"	"1997"	"1997"	353	3860744	9.143
	"South Carolina"	"45"	"1998"	"1998"	340	3920791	8.672
"Total"	"South Carolina"	"45"			7280	69409553	10.488
	"South Dakota"	"46"	"1979"	"1979"	27	690740	3.909
	"South Dakota"	"46"	"1980"	"1980"	24	692365	3.466
	"South Dakota"	"46"	"1981"	"1981"	35	690361	5.070
	"South Dakota"	"46"	"1982"	"1982"	31	691342	4.484
	"South Dakota"	"46"	"1983"	"1983"	26	693218	3.751
	"South Dakota"	"46"	"1984"	"1984"	21	697364	3.011
	"South Dakota"	"46"	"1985"	"1985"	21	698330	3.007
	"South Dakota"	"46"	"1986"	"1986"	30	695608	4.313
	"South Dakota"	"46"	"1987"	"1987"	24	695832	3.449
	"South Dakota"	"46"	"1988"	"1988"	32	697830	4.586
	"South Dakota"	"46"	"1989"	"1989"	21	696513	3.015
	"South Dakota"	"46"	"1990"	"1990"	19	695805	2.731 (Unreliable)
	"South Dakota"	"46"	"1991"	"1991"	23	704009	3.267
	"South Dakota"	"46"	"1992"	"1992"	17	713096	2.384 (Unreliable)
	"South Dakota"	"46"	"1993"	"1993"	26	722507	3.599
	"South Dakota"	"46"	"1994"	"1994"	23	731147	3.146
	"South Dakota"	"46"	"1995"	"1995"	18	738375	2.438 (Unreliable)
	"South Dakota"	"46"	"1996"	"1996"	16	742683	2.154 (Unreliable)
	"South Dakota"	"46"	"1997"	"1997"	22	744434	2.955
	"South Dakota"	"46"	"1998"	"1998"	10	746501	1.340 (Unreliable)
"Total"	"South Dakota"	"46"			466	14178060	3.287
	"Tennessee"	"47"	"1979"	"1979"	469	4537642	10.336
	"Tennessee"	"47"	"1980"	"1980"	543	4595143	11.817
	"Tennessee"	"47"	"1981"	"1981"	504	4628211	10.890
	"Tennessee"	"47"	"1982"	"1982"	481	4646503	10.352
	"Tennessee"	"47"	"1983"	"1983"	433	4658925	9.294
	"Tennessee"	"47"	"1984"	"1984"	413	4686096	8.813
	"Tennessee"	"47"	"1985"	"1985"	429	4717235	9.094
	"Tennessee"	"47"	"1986"	"1986"	513	4740418	10.822
	"Tennessee"	"47"	"1987"	"1987"	488	4786279	10.196
	"Tennessee"	"47"	"1988"	"1988"	506	4827504	10.482
	"Tennessee"	"47"	"1989"	"1989"	462	4860544	9.505
	"Tennessee"	"47"	"1990"	"1990"	559	4880859	11.453
	"Tennessee"	"47"	"1991"	"1991"	585	4968973	11.773
	"Tennessee"	"47"	"1992"	"1992"	566	5051188	11.205
	"Tennessee"	"47"	"1993"	"1993"	568	5139306	11.052
	"Tennessee"	"47"	"1994"	"1994"	541	5233322	10.338
	"Tennessee"	"47"	"1995"	"1995"	582	5328891	10.922
	"Tennessee"	"47"	"1996"	"1996"	532	5419660	9.816
	"Tennessee"	"47"	"1997"	"1997"	553	5501676	10.051
	"Tennessee"	"47"	"1998"	"1998"	490	5573935	8.791
"Total"	"Tennessee"	"47"			10217	98782310	10.343
	"Texas"	"48"	"1979"	"1979"	2326	13916436	16.714
	"Texas"	"48"	"1980"	"1980"	2396	14268965	16.792
	"Texas"	"48"	"1981"	"1981"	2481	14779030	16.787
	"Texas"	"48"	"1982"	"1982"	2536	15366008	16.504
	"Texas"	"48"	"1983"	"1983"	2283	15773066	14.474
	"Texas"	"48"	"1984"	"1984"	2144	16025603	13.379
	"Texas"	"48"	"1985"	"1985"	2170	16294915	13.317
	"Texas"	"48"	"1986"	"1986"	2311	16578053	13.940
	"Texas"	"48"	"1987"	"1987"	1918	16635523	11.530
	"Texas"	"48"	"1988"	"1988"	2063	16686059	12.364
	"Texas"	"48"	"1989"	"1989"	2086	16832321	12.393
	"Texas"	"48"	"1990"	"1990"	2422	17008748	14.240
	"Texas"	"48"	"1991"	"1991"	2739	17405312	15.737
	"Texas"	"48"	"1992"	"1992"	2328	17766812	13.103
	"Texas"	"48"	"1993"	"1993"	2236	18170320	12.306
	"Texas"	"48"	"1994"	"1994"	2113	18572123	11.377
	"Texas"	"48"	"1995"	"1995"	1753	18967400	9.242
	"Texas"	"48"	"1996"	"1996"	1560	19352289	8.061
	"Texas"	"48"	"1997"	"1997"	1427	19752039	7.225
	"Texas"	"48"	"1998"	"1998"	1410	20171768	6.990
"Total"	"Texas"	"48"			42702	340322790	12.547
	"Utah"	"49"	"1979"	"1979"	59	1421446	4.151
	"Utah"	"49"	"1980"	"1980"	54	1464846	3.686
	"Utah"	"49"	"1981"	"1981"	61	1516752	4.022
	"Utah"	"49"	"1982"	"1982"	61	1559272	3.912
	"Utah"	"49"	"1983"	"1983"	61	1593625	3.828
	"Utah"	"49"	"1984"	"1984"	50	1620861	3.085
	"Utah"	"49"	"1985"	"1985"	42	1641813	2.558
	"Utah"	"49"	"1986"	"1986"	55	1661876	3.310
	"Utah"	"49"	"1987"	"1987"	62	1677020	3.697
	"Utah"	"49"	"1988"	"1988"	53	1690185	3.136
	"Utah"	"49"	"1989"	"1989"	53	1706799	3.105
	"Utah"	"49"	"1990"	"1990"	57	1723370	3.307
	"Utah"	"49"	"1991"	"1991"	61	1780280	3.426
	"Utah"	"49"	"1992"	"1992"	50	1837837	2.721
	"Utah"	"49"	"1993"	"1993"	65	1898909	3.423
	"Utah"	"49"	"1994"	"1994"	63	1961072	3.213
	"Utah"	"49"	"1995"	"1995"	74	2014719	3.673
	"Utah"	"49"	"1996"	"1996"	60	2069474	2.899
	"Utah"	"49"	"1997"	"1997"	60	2120359	2.830
	"Utah"	"49"	"1998"	"1998"	60	2167719	2.768
"Total"	"Utah"	"49"			1161	35128234	3.305
	"Vermont"	"50"	"1979"	"1979"	8	506115	1.581 (Unreliable)
	"Vermont"	"50"	"1980"	"1980"	17	512144	3.319 (Unreliable)
	"Vermont"	"50"	"1981"	"1981"	17	516116	3.294 (Unreliable)
	"Vermont"	"50"	"1982"	"1982"	10	519544	1.925 (Unreliable)
	"Vermont"	"50"	"1983"	"1983"	10	523511	1.910 (Unreliable)
	"Vermont"	"50"	"1984"	"1984"	12	526832	2.278 (Unreliable)
	"Vermont"	"50"	"1985"	"1985"	19	530151	3.584 (Unreliable)
	"Vermont"	"50"	"1986"	"1986"	16	534224	2.995 (Unreliable)
	"Vermont"	"50"	"1987"	"1987"	13	540359	2.406 (Unreliable)
	"Vermont"	"50"	"1988"	"1988"	14	549762	2.547 (Unreliable)
	"Vermont"	"50"	"1989"	"1989"	12	557960	2.151 (Unreliable)
	"Vermont"	"50"	"1990"	"1990"	16	562489	2.845 (Unreliable)
	"Vermont"	"50"	"1991"	"1991"	22	568691	3.869
	"Vermont"	"50"	"1992"	"1992"	20	572925	3.491
	"Vermont"	"50"	"1993"	"1993"	14	577924	2.422 (Unreliable)
	"Vermont"	"50"	"1995"	"1995"	12	588979	2.037 (Unreliable)
	"Vermont"	"50"	"1997"	"1997"	11	597414	1.841 (Unreliable)
	"Vermont"	"50"	"1998"	"1998"	10	600704	1.665 (Unreliable)
"Total"	"Vermont"	"50"			265	11063836	2.395
	"Virginia"	"51"	"1979"	"1979"	498	5329589	9.344
	"Virginia"	"51"	"1980"	"1980"	486	5353138	9.079
	"Virginia"	"51"	"1981"	"1981"	493	5449172	9.047
	"Virginia"	"51"	"1982"	"1982"	437	5498214	7.948
	"Virginia"	"51"	"1983"	"1983"	426	5568120	7.651
	"Virginia"	"51"	"1984"	"1984"	451	5648358	7.985
	"Virginia"	"51"	"1985"	"1985"	420	5721491	7.341
	"Virginia"	"51"	"1986"	"1986"	443	5817306	7.615
	"Virginia"	"51"	"1987"	"1987"	466	5938705	7.847
	"Virginia"	"51"	"1988"	"1988"	488	6044002	8.074
	"Virginia"	"51"	"1989"	"1989"	504	6128424	8.224
	"Virginia"	"51"	"1990"	"1990"	571	6191428	9.222
	"Virginia"	"51"	"1991"	"1991"	582	6303660	9.233
	"Virginia"	"51"	"1992"	"1992"	557	6417314	8.680
	"Virginia"	"51"	"1993"	"1993"	550	6512324	8.446
	"Virginia"	"51"	"1994"	"1994"	576	6597000	8.731
	"Virginia"	"51"	"1995"	"1995"	510	6673422	7.642
	"Virginia"	"51"	"1996"	"1996"	513	6754598	7.595
	"Virginia"	"51"	"1997"	"1997"	496	6831731	7.260
	"Virginia"	"51"	"1998"	"1998"	430	6905016	6.227
"Total"	"Virginia"	"51"			9897	121683012	8.133
	"Washington"	"53"	"1979"	"1979"	201	4018920	5.001
	"Washington"	"53"	"1980"	"1980"	226	4138795	5.461
	"Washington"	"53"	"1981"	"1981"	237	4240915	5.588
	"Washington"	"53"	"1982"	"1982"	203	4280029	4.743
	"Washington"	"53"	"1983"	"1983"	210	4301870	4.882
	"Washington"	"53"	"1984"	"1984"	205	4345120	4.718
	"Washington"	"53"	"1985"	"1985"	237	4402035	5.384
	"Washington"	"53"	"1986"	"1986"	227	4453602	5.097
	"Washington"	"53"	"1987"	"1987"	260	4532945	5.736
	"Washington"	"53"	"1988"	"1988"	271	4641797	5.838
	"Washington"	"53"	"1989"	"1989"	234	4748909	4.927
	"Washington"	"53"	"1990"	"1990"	246	4868410	5.053
	"Washington"	"53"	"1991"	"1991"	237	5026490	4.715
	"Washington"	"53"	"1992"	"1992"	296	5161525	5.735
	"Washington"	"53"	"1993"	"1993"	275	5280598	5.208
	"Washington"	"53"	"1994"	"1994"	311	5376439	5.784
	"Washington"	"53"	"1995"	"1995"	295	5482492	5.381
	"Washington"	"53"	"1996"	"1996"	252	5572322	4.522
	"Washington"	"53"	"1997"	"1997"	258	5675818	4.546
	"Washington"	"53"	"1998"	"1998"	233	5771447	4.037
"Total"	"Washington"	"53"			4914	96320478	5.102
	"West Virginia"	"54"	"1979"	"1979"	143	1940160	7.371
	"West Virginia"	"54"	"1980"	"1980"	159	1949995	8.154
	"West Virginia"	"54"	"1981"	"1981"	126	1952950	6.452
	"West Virginia"	"54"	"1982"	"1982"	131	1948421	6.723
	"West Virginia"	"54"	"1983"	"1983"	120	1943037	6.176
	"West Virginia"	"54"	"1984"	"1984"	104	1925468	5.401
	"West Virginia"	"54"	"1985"	"1985"	85	1905477	4.461
	"West Virginia"	"54"	"1986"	"1986"	116	1881152	6.166
	"West Virginia"	"54"	"1987"	"1987"	106	1856624	5.709
	"West Virginia"	"54"	"1988"	"1988"	105	1829578	5.739
	"West Virginia"	"54"	"1989"	"1989"	137	1806822	7.582
	"West Virginia"	"54"	"1990"	"1990"	111	1794262	6.186
	"West Virginia"	"54"	"1991"	"1991"	123	1799502	6.835
	"West Virginia"	"54"	"1992"	"1992"	130	1806776	7.195
	"West Virginia"	"54"	"1993"	"1993"	138	1817927	7.591
	"West Virginia"	"54"	"1994"	"1994"	110	1820782	6.041
	"West Virginia"	"54"	"1995"	"1995"	97	1823956	5.318
	"West Virginia"	"54"	"1996"	"1996"	87	1823203	4.772
	"West Virginia"	"54"	"1997"	"1997"	95	1819689	5.221
	"West Virginia"	"54"	"1998"	"1998"	87	1816386	4.790
"Total"	"West Virginia"	"54"			2310	37262167	6.199
	"Wisconsin"	"55"	"1979"	"1979"	158	4671398	3.382
	"Wisconsin"	"55"	"1980"	"1980"	143	4711208	3.035
	"Wisconsin"	"55"	"1981"	"1981"	163	4729678	3.446
	"Wisconsin"	"55"	"1982"	"1982"	151	4731560	3.191
	"Wisconsin"	"55"	"1983"	"1983"	151	4722266	3.198
	"Wisconsin"	"55"	"1984"	"1984"	136	4736891	2.871
	"Wisconsin"	"55"	"1985"	"1985"	160	4749522	3.369
	"Wisconsin"	"55"	"1986"	"1986"	165	4755750	3.469
	"Wisconsin"	"55"	"1987"	"1987"	177	4776638	3.706
	"Wisconsin"	"55"	"1988"	"1988"	169	4820818	3.506
	"Wisconsin"	"55"	"1989"	"1989"	184	4855689	3.789
	"Wisconsin"	"55"	"1990"	"1990"	227	4891217	4.641
	"Wisconsin"	"55"	"1991"	"1991"	229	4967147	4.610
	"Wisconsin"	"55"	"1992"	"1992"	235	5028141	4.674
	"Wisconsin"	"55"	"1993"	"1993"	228	5088947	4.480
	"Wisconsin"	"55"	"1994"	"1994"	218	5138097	4.243
	"Wisconsin"	"55"	"1995"	"1995"	237	5190188	4.566
	"Wisconsin"	"55"	"1996"	"1996"	211	5236721	4.029
	"Wisconsin"	"55"	"1997"	"1997"	212	5272971	4.021
	"Wisconsin"	"55"	"1998"	"1998"	189	5303586	3.564
"Total"	"Wisconsin"	"55"			3743	98378433	3.805
	"Wyoming"	"56"	"1979"	"1979"	36	453287	7.942
	"Wyoming"	"56"	"1980"	"1980"	29	471153	6.155
	"Wyoming"	"56"	"1981"	"1981"	26	492753	5.276
	"Wyoming"	"56"	"1982"	"1982"	34	507270	6.703
	"Wyoming"	"56"	"1983"	"1983"	26	510050	5.098
	"Wyoming"	"56"	"1984"	"1984"	20	504323	3.966
	"Wyoming"	"56"	"1985"	"1985"	23	499098	4.608
	"Wyoming"	"56"	"1986"	"1986"	28	494693	5.660
	"Wyoming"	"56"	"1987"	"1987"	8	475750	1.682 (Unreliable)
	"Wyoming"	"56"	"1988"	"1988"	12	464337	2.584 (Unreliable)
	"Wyoming"	"56"	"1989"	"1989"	22	457896	4.805
	"Wyoming"	"56"	"1990"	"1990"	22	453541	4.851
	"Wyoming"	"56"	"1991"	"1991"	17	459330	3.701 (Unreliable)
	"Wyoming"	"56"	"1992"	"1992"	18	466423	3.859 (Unreliable)
	"Wyoming"	"56"	"1993"	"1993"	14	473228	2.958 (Unreliable)
	"Wyoming"	"56"	"1994"	"1994"	25	480373	5.204
	"Wyoming"	"56"	"1995"	"1995"	15	485188	3.092 (Unreliable)
	"Wyoming"	"56"	"1996"	"1996"	15	488168	3.073 (Unreliable)
	"Wyoming"	"56"	"1997"	"1997"	21	489618	4.289
	"Wyoming"	"56"	"1998"	"1998"	17	490944	3.463 (Unreliable)
"Total"	"Wyoming"	"56"			428	9617423	4.450
"Total"					444081	4962680697	8.948
"---"
"Dataset: Compressed Mortality, 1979-1998"
"Query Parameters:"
"Injury Intent: Homicide"
"Group By: State; Year"
"Show Totals: True"
"Show Zero Values: False"
"Show Suppressed: False"
"Calculate Rates Per: 100,000"
"---"
"Help: See http://wonder.cdc.gov/wonder/help/cmf.html for more information."
"---"
"Query Date: Jul 8, 2022 8:43:47 AM"
"---"
"Suggested Citation: Centers for Disease Control and Prevention, National Center for Health Statistics. National Vital Statistics"
"System, Mortality: Compressed Mortality File 1979-1998. CDC WONDER On-line Database, compiled from Compressed Mortality File CMF"
"1968-1988, Series 20, No. 2A, 2000 and CMF 1989-1998, Series 20, No. 2E, 2003. Accessed at http://wonder.cdc.gov/cmf-icd9.html"
"on Jul 8, 2022 8:43:47 AM"
"---"
Messages:
"1. Rows with suppressed Deaths are hidden, but the Deaths and Population values in those rows are included in the totals. Use"
"Quick Options above to show suppressed rows."
"---"
Caveats:
"1. Data are Suppressed when the data meet the criteria for confidentiality constraints. More information:"
"http://wonder.cdc.gov/wonder/help/cmf.html#Assurance of Confidentiality."
"2. Death rates are flagged as Unreliable when the rate is calculated with a numerator of 20 or less. More information:"
"http://wonder.cdc.gov/wonder/help/cmf.html#Unreliable."
"3. The population figures used in the calculation of death rates for the age group 'under 1 year' are the live births for the"
"given time period. More information: http://wonder.cdc.gov/wonder/help/cmf.html#Age Group."
"4. Population figures in this table for 1979 and 1981-89 are intercensal estimates of the July 1 resident population of the"
"United States. Note that the state and county population estimates for these years are not consistent with national estimates."
"The population figures in this table for 1980 and 1990 are modified age-race-sex (MARS) April 1 census counts. The population"
"figures for 1991-98 are bridged-race intercensal estimates of the July 1 resident population."